{"1": {"dloss": 0.5170193910598755, "gloss": 0.704207181930542, "time": 30.42391347885132}, "2": {"dloss": 0.5042243003845215, "gloss": 0.7222287058830261, "time": 30.23833680152893}, "3": {"dloss": 0.49629127979278564, "gloss": 0.7396076917648315, "time": 30.242818593978882}, "4": {"dloss": 0.488761305809021, "gloss": 0.7557139992713928, "time": 29.531577348709106}, "5": {"dloss": 0.48200416564941406, "gloss": 0.7714884281158447, "time": 31.356899738311768}, "6": {"dloss": 0.47505706548690796, "gloss": 0.7858167886734009, "time": 37.76826024055481}, "7": {"dloss": 0.4700012505054474, "gloss": 0.7982181310653687, "time": 52.386934995651245}, "8": {"dloss": 0.4632236957550049, "gloss": 0.8138800859451294, "time": 60.06900763511658}, "9": {"dloss": 0.45876508951187134, "gloss": 0.8259140849113464, "time": 58.16913294792175}, "10": {"dloss": 0.45326292514801025, "gloss": 0.8419670462608337, "time": 67.3925940990448}, "11": {"dloss": 0.4506192207336426, "gloss": 0.8516350984573364, "time": 85.10363125801086}, "12": {"dloss": 0.4441768527030945, "gloss": 0.8666390180587769, "time": 88.2619743347168}, "13": {"dloss": 0.4403967559337616, "gloss": 0.8794142603874207, "time": 94.38178396224976}, "14": {"dloss": 0.4347473382949829, "gloss": 0.8983008861541748, "time": 98.41354084014893}, "15": {"dloss": 0.42878538370132446, "gloss": 0.9098653197288513, "time": 89.80666971206665}, "16": {"dloss": 0.42413198947906494, "gloss": 0.9230729341506958, "time": 86.06878876686096}, "17": {"dloss": 0.4202713966369629, "gloss": 0.9383306503295898, "time": 99.64938068389893}, "18": {"dloss": 0.4152597486972809, "gloss": 0.9537716507911682, "time": 104.37304854393005}, "19": {"dloss": 0.4115636348724365, "gloss": 0.9694108963012695, "time": 100.23992729187012}, "20": {"dloss": 0.40540164709091187, "gloss": 0.9845737218856812, "time": 114.20752668380737}, "21": {"dloss": 0.39979255199432373, "gloss": 1.0068891048431396, "time": 120.16174244880676}, "22": {"dloss": 0.39744314551353455, "gloss": 1.0220987796783447, "time": 102.23243188858032}, "23": {"dloss": 0.3909129500389099, "gloss": 1.043548345565796, "time": 122.89954376220703}, "24": {"dloss": 0.3847132921218872, "gloss": 1.0622408390045166, "time": 117.34617781639099}, "25": {"dloss": 0.3818971812725067, "gloss": 1.0832149982452393, "time": 134.4197256565094}, "26": {"dloss": 0.37447428703308105, "gloss": 1.0999692678451538, "time": 129.60600757598877}, "27": {"dloss": 0.368975967168808, "gloss": 1.1333284378051758, "time": 144.68683195114136}, "28": {"dloss": 0.3610824942588806, "gloss": 1.1472246646881104, "time": 160.93357849121094}, "29": {"dloss": 0.35660046339035034, "gloss": 1.1758204698562622, "time": 175.0670518875122}, "30": {"dloss": 0.35439372062683105, "gloss": 1.1949697732925415, "time": 168.3496491909027}, "31": {"dloss": 0.3505691587924957, "gloss": 1.2270090579986572, "time": 201.9396049976349}, "32": {"dloss": 0.3443657159805298, "gloss": 1.2490290403366089, "time": 216.8668234348297}, "33": {"dloss": 0.3392500877380371, "gloss": 1.270221471786499, "time": 222.84947633743286}, "34": {"dloss": 0.33790355920791626, "gloss": 1.287479043006897, "time": 223.5578465461731}, "35": {"dloss": 0.3316051959991455, "gloss": 1.3168210983276367, "time": 247.86683082580566}, "36": {"dloss": 0.3306795358657837, "gloss": 1.3337284326553345, "time": 260.02499294281006}, "37": {"dloss": 0.32796475291252136, "gloss": 1.362212896347046, "time": 280.14043641090393}, "38": {"dloss": 0.3251488208770752, "gloss": 1.382373332977295, "time": 254.34752416610718}, "39": {"dloss": 0.32065510749816895, "gloss": 1.4052987098693848, "time": 299.8840126991272}, "40": {"dloss": 0.3139539361000061, "gloss": 1.4227731227874756, "time": 310.4648187160492}, "41": {"dloss": 0.31778720021247864, "gloss": 1.442392110824585, "time": 298.49340748786926}, "42": {"dloss": 0.3087702989578247, "gloss": 1.4808094501495361, "time": 351.3288457393646}, "43": {"dloss": 0.3092568516731262, "gloss": 1.5137661695480347, "time": 366.1409559249878}, "44": {"dloss": 0.3024439811706543, "gloss": 1.5296802520751953, "time": 364.65006017684937}, "45": {"dloss": 0.30182239413261414, "gloss": 1.5483498573303223, "time": 342.32157850265503}, "46": {"dloss": 0.3052198886871338, "gloss": 1.564760684967041, "time": 229.74541687965393}, "47": {"dloss": 0.3007826805114746, "gloss": 1.5875967741012573, "time": 248.42064571380615}, "48": {"dloss": 0.3090367913246155, "gloss": 1.5694355964660645, "time": 260.0160229206085}, "49": {"dloss": 0.30992990732192993, "gloss": 1.5509073734283447, "time": 250.78572940826416}, "50": {"dloss": 0.3238764703273773, "gloss": 1.5197231769561768, "time": 267.3154249191284}}