{"1": {"dloss": 0.26386916637420654, "gloss": 9.575414657592773, "time": 58.137640714645386}, "2": {"dloss": 0.7131109237670898, "gloss": 1.2500073909759521, "time": 54.10799860954285}, "3": {"dloss": 0.3724815249443054, "gloss": 2.34466290473938, "time": 45.19098424911499}, "4": {"dloss": 0.6709107160568237, "gloss": 1.0840212106704712, "time": 45.0674946308136}, "5": {"dloss": 0.7176469564437866, "gloss": 1.0350935459136963, "time": 48.36459136009216}, "6": {"dloss": 0.30112719535827637, "gloss": 5.415502548217773, "time": 49.562350273132324}, "7": {"dloss": 0.32671403884887695, "gloss": 3.710970878601074, "time": 50.34478783607483}, "8": {"dloss": 0.2982116639614105, "gloss": 5.163009166717529, "time": 49.59199380874634}, "9": {"dloss": 0.41008633375167847, "gloss": 6.648322582244873, "time": 53.04362869262695}, "10": {"dloss": 0.30105912685394287, "gloss": 4.428753852844238, "time": 60.53334140777588}, "11": {"dloss": 0.2782265841960907, "gloss": 2.750944137573242, "time": 57.878350496292114}, "12": {"dloss": 0.5156549215316772, "gloss": 2.6576812267303467, "time": 64.26835799217224}, "13": {"dloss": 0.47620826959609985, "gloss": 2.995110511779785, "time": 71.46181797981262}, "14": {"dloss": 0.3486389219760895, "gloss": 3.2171831130981445, "time": 74.89536046981812}, "15": {"dloss": 0.5418554544448853, "gloss": 1.963439702987671, "time": 75.43466925621033}, "16": {"dloss": 0.3905723989009857, "gloss": 2.671962261199951, "time": 78.65771079063416}, "17": {"dloss": 0.4469310939311981, "gloss": 2.0792407989501953, "time": 88.9628074169159}, "18": {"dloss": 0.4536304175853729, "gloss": 3.454720973968506, "time": 85.17330479621887}, "19": {"dloss": 0.45378661155700684, "gloss": 2.798759937286377, "time": 89.9190616607666}, "20": {"dloss": 0.42257416248321533, "gloss": 3.333045482635498, "time": 94.95109701156616}, "21": {"dloss": 0.49048808217048645, "gloss": 1.7477552890777588, "time": 81.07409453392029}, "22": {"dloss": 0.46614769101142883, "gloss": 2.8326973915100098, "time": 91.89223432540894}, "23": {"dloss": 0.37643367052078247, "gloss": 3.1803297996520996, "time": 99.41009402275085}, "24": {"dloss": 0.32853829860687256, "gloss": 3.9496312141418457, "time": 98.85865020751953}, "25": {"dloss": 0.5273982882499695, "gloss": 2.072329521179199, "time": 110.41418623924255}, "26": {"dloss": 0.35331952571868896, "gloss": 3.4695193767547607, "time": 104.508225440979}, "27": {"dloss": 0.42358386516571045, "gloss": 2.6744790077209473, "time": 112.53552150726318}, "28": {"dloss": 0.4156576693058014, "gloss": 2.1564650535583496, "time": 124.09337759017944}, "29": {"dloss": 0.4234851598739624, "gloss": 2.358482599258423, "time": 128.63821721076965}, "30": {"dloss": 0.3176853656768799, "gloss": 3.321915626525879, "time": 122.82536220550537}, "31": {"dloss": 0.43230578303337097, "gloss": 2.200314521789551, "time": 132.94573593139648}, "32": {"dloss": 0.4362124800682068, "gloss": 1.853694200515747, "time": 139.57636761665344}, "33": {"dloss": 0.4987262487411499, "gloss": 1.9177637100219727, "time": 149.49392580986023}, "34": {"dloss": 0.41968536376953125, "gloss": 2.096987247467041, "time": 144.54355335235596}, "35": {"dloss": 0.39587724208831787, "gloss": 2.565922737121582, "time": 163.8911690711975}, "36": {"dloss": 0.49841082096099854, "gloss": 1.8473798036575317, "time": 180.43944120407104}, "37": {"dloss": 0.40559935569763184, "gloss": 2.14357852935791, "time": 175.49834322929382}, "38": {"dloss": 0.5110957026481628, "gloss": 2.2011423110961914, "time": 183.54432487487793}, "39": {"dloss": 0.4501459002494812, "gloss": 2.118394613265991, "time": 211.86244463920593}, "40": {"dloss": 0.4138956665992737, "gloss": 2.6462502479553223, "time": 217.25970649719238}, "41": {"dloss": 0.5466744303703308, "gloss": 1.9212346076965332, "time": 206.6784245967865}, "42": {"dloss": 0.5158500671386719, "gloss": 1.5636188983917236, "time": 228.9886975288391}, "43": {"dloss": 0.49941250681877136, "gloss": 2.105266809463501, "time": 258.59279561042786}, "44": {"dloss": 0.4770299196243286, "gloss": 1.8287444114685059, "time": 265.5172688961029}, "45": {"dloss": 0.47925153374671936, "gloss": 2.2246036529541016, "time": 256.8985891342163}, "46": {"dloss": 0.4415395259857178, "gloss": 1.9271377325057983, "time": 277.22251319885254}, "47": {"dloss": 0.5139574408531189, "gloss": 1.983579397201538, "time": 301.90603399276733}, "48": {"dloss": 0.5375092029571533, "gloss": 2.1874895095825195, "time": 317.4101650714874}, "49": {"dloss": 0.43862736225128174, "gloss": 1.8979350328445435, "time": 301.8759605884552}, "50": {"dloss": 0.5161305665969849, "gloss": 1.8099265098571777, "time": 321.8136291503906}}