{"1": {"dloss": 0.5936853289604187, "gloss": 1.7869411706924438, "time": 54.60976219177246}, "2": {"dloss": 0.5231059789657593, "gloss": 2.477966785430908, "time": 54.58690285682678}, "3": {"dloss": 0.49143674969673157, "gloss": 2.576585531234741, "time": 50.91946506500244}, "4": {"dloss": 0.46982866525650024, "gloss": 2.983761787414551, "time": 47.243446826934814}, "5": {"dloss": 0.40197592973709106, "gloss": 1.8176559209823608, "time": 44.25836396217346}, "6": {"dloss": 0.3587914705276489, "gloss": 2.1599879264831543, "time": 47.64552354812622}, "7": {"dloss": 0.4331294596195221, "gloss": 3.3898069858551025, "time": 55.70172572135925}, "8": {"dloss": 0.4024500846862793, "gloss": 4.371272087097168, "time": 58.83385372161865}, "9": {"dloss": 0.4063042402267456, "gloss": 3.823847770690918, "time": 72.85861158370972}, "10": {"dloss": 0.4384670853614807, "gloss": 4.543402671813965, "time": 73.34810662269592}, "11": {"dloss": 0.4240868389606476, "gloss": 1.963181734085083, "time": 83.18395519256592}, "12": {"dloss": 0.3814504146575928, "gloss": 2.1170835494995117, "time": 87.38198328018188}, "13": {"dloss": 0.41221001744270325, "gloss": 3.6867117881774902, "time": 93.5375771522522}, "14": {"dloss": 0.5395928621292114, "gloss": 1.4428298473358154, "time": 98.81223773956299}, "15": {"dloss": 0.5669026970863342, "gloss": 1.188064455986023, "time": 102.70714950561523}, "16": {"dloss": 0.48554742336273193, "gloss": 2.4011216163635254, "time": 110.5537428855896}, "17": {"dloss": 0.5685356259346008, "gloss": 1.2030746936798096, "time": 119.32547497749329}, "18": {"dloss": 0.5624685287475586, "gloss": 1.5339219570159912, "time": 134.00586700439453}, "19": {"dloss": 0.49181029200553894, "gloss": 1.3942949771881104, "time": 134.6683051586151}, "20": {"dloss": 0.5609965324401855, "gloss": 2.0744857788085938, "time": 158.5601646900177}, "21": {"dloss": 0.5217969417572021, "gloss": 1.3080706596374512, "time": 173.49144220352173}, "22": {"dloss": 0.5358664393424988, "gloss": 1.7404718399047852, "time": 188.04176497459412}, "23": {"dloss": 0.527199387550354, "gloss": 1.3473987579345703, "time": 209.00101780891418}, "24": {"dloss": 0.5641187429428101, "gloss": 1.4741005897521973, "time": 219.5995626449585}, "25": {"dloss": 0.5576426982879639, "gloss": 1.0996720790863037, "time": 245.36692237854004}, "26": {"dloss": 0.5506521463394165, "gloss": 1.470102310180664, "time": 240.8221344947815}, "27": {"dloss": 0.5634706020355225, "gloss": 1.284450650215149, "time": 273.3543350696564}, "28": {"dloss": 0.6040561199188232, "gloss": 1.3888332843780518, "time": 297.88535833358765}, "29": {"dloss": 0.6052718758583069, "gloss": 1.0674800872802734, "time": 310.3302752971649}, "30": {"dloss": 0.5471862554550171, "gloss": 1.4904460906982422, "time": 306.4802796840668}, "31": {"dloss": 0.5958479046821594, "gloss": 1.4413583278656006, "time": 356.6246678829193}, "32": {"dloss": 0.5465335845947266, "gloss": 1.376279592514038, "time": 387.251060962677}, "33": {"dloss": 0.6098325252532959, "gloss": 1.3110542297363281, "time": 418.01978158950806}, "34": {"dloss": 0.5760152339935303, "gloss": 1.3013499975204468, "time": 406.54358768463135}, "35": {"dloss": 0.5744061470031738, "gloss": 1.6481071710586548, "time": 460.4071717262268}, "36": {"dloss": 0.5894601345062256, "gloss": 1.488640546798706, "time": 476.8853876590729}, "37": {"dloss": 0.5673656463623047, "gloss": 1.4972120523452759, "time": 519.3904249668121}, "38": {"dloss": 0.5537373423576355, "gloss": 1.3012940883636475, "time": 486.41925716400146}, "39": {"dloss": 0.5822109580039978, "gloss": 1.203561782836914, "time": 320.5602021217346}, "40": {"dloss": 0.5691236853599548, "gloss": 1.2118628025054932, "time": 338.5858359336853}, "41": {"dloss": 0.5704275369644165, "gloss": 1.2475005388259888, "time": 340.2239713668823}, "42": {"dloss": 0.5841710567474365, "gloss": 1.1673426628112793, "time": 374.8889319896698}, "43": {"dloss": 0.5819690227508545, "gloss": 1.2098915576934814, "time": 394.2489094734192}, "44": {"dloss": 0.5921791791915894, "gloss": 1.2689063549041748, "time": 419.49861454963684}, "45": {"dloss": 0.5977418422698975, "gloss": 1.2521591186523438, "time": 415.82063603401184}, "46": {"dloss": 0.5968071222305298, "gloss": 1.2699137926101685, "time": 451.77000880241394}, "47": {"dloss": 0.5802890062332153, "gloss": 1.392126202583313, "time": 476.63947796821594}, "48": {"dloss": 0.6052412986755371, "gloss": 1.076448678970337, "time": 500.1124677658081}, "49": {"dloss": 0.605833888053894, "gloss": 1.330643653869629, "time": 512.8726902008057}, "50": {"dloss": 0.5841143727302551, "gloss": 1.4407882690429688, "time": 496.05372381210327}}