{"1": {"dloss": 0.5440503358840942, "gloss": 0.704816460609436, "time": 33.79125094413757}, "2": {"dloss": 0.5195245742797852, "gloss": 0.709649384021759, "time": 30.654969930648804}, "3": {"dloss": 0.5089226961135864, "gloss": 0.7237937450408936, "time": 32.38413739204407}, "4": {"dloss": 0.5013667941093445, "gloss": 0.7375950813293457, "time": 32.24198246002197}, "5": {"dloss": 0.493837833404541, "gloss": 0.7494524121284485, "time": 34.082154989242554}, "6": {"dloss": 0.4867563843727112, "gloss": 0.7617112398147583, "time": 33.270872354507446}, "7": {"dloss": 0.4801417589187622, "gloss": 0.7758481502532959, "time": 33.64965510368347}, "8": {"dloss": 0.4741288423538208, "gloss": 0.7886594533920288, "time": 41.37849688529968}, "9": {"dloss": 0.4718981683254242, "gloss": 0.7978343367576599, "time": 67.38460278511047}, "10": {"dloss": 0.46445146203041077, "gloss": 0.8144177198410034, "time": 78.36608791351318}, "11": {"dloss": 0.4598022401332855, "gloss": 0.8266487121582031, "time": 78.20431351661682}, "12": {"dloss": 0.45414549112319946, "gloss": 0.839231550693512, "time": 76.76042771339417}, "13": {"dloss": 0.448269248008728, "gloss": 0.8538085222244263, "time": 86.4355206489563}, "14": {"dloss": 0.4459165036678314, "gloss": 0.8676884174346924, "time": 83.14185070991516}, "15": {"dloss": 0.43929025530815125, "gloss": 0.8829474449157715, "time": 77.92015051841736}, "16": {"dloss": 0.43480968475341797, "gloss": 0.8935219049453735, "time": 86.13515424728394}, "17": {"dloss": 0.43021637201309204, "gloss": 0.9085724353790283, "time": 91.64956879615784}, "18": {"dloss": 0.42437195777893066, "gloss": 0.9248678684234619, "time": 93.3630108833313}, "19": {"dloss": 0.42134907841682434, "gloss": 0.9337508678436279, "time": 92.50144457817078}, "20": {"dloss": 0.41890209913253784, "gloss": 0.9432030320167542, "time": 94.65265202522278}, "21": {"dloss": 0.41540494561195374, "gloss": 0.9568834900856018, "time": 101.43697428703308}, "22": {"dloss": 0.4089832305908203, "gloss": 0.9703304767608643, "time": 100.93618726730347}, "23": {"dloss": 0.40542519092559814, "gloss": 0.9840129017829895, "time": 112.31397581100464}, "24": {"dloss": 0.40326517820358276, "gloss": 0.99635249376297, "time": 120.60164022445679}, "25": {"dloss": 0.399039089679718, "gloss": 1.0096372365951538, "time": 125.35473155975342}, "26": {"dloss": 0.3969446122646332, "gloss": 1.0227762460708618, "time": 119.86624717712402}, "27": {"dloss": 0.3915802836418152, "gloss": 1.0347503423690796, "time": 130.8560254573822}, "28": {"dloss": 0.38816291093826294, "gloss": 1.0449135303497314, "time": 139.52953481674194}, "29": {"dloss": 0.3836934566497803, "gloss": 1.0626537799835205, "time": 150.55719184875488}, "30": {"dloss": 0.38199582695961, "gloss": 1.0683289766311646, "time": 141.9453432559967}, "31": {"dloss": 0.3795752227306366, "gloss": 1.0802569389343262, "time": 167.62110590934753}, "32": {"dloss": 0.37553662061691284, "gloss": 1.0928221940994263, "time": 169.83762502670288}, "33": {"dloss": 0.37379276752471924, "gloss": 1.1086928844451904, "time": 181.45317578315735}, "34": {"dloss": 0.37153542041778564, "gloss": 1.1195237636566162, "time": 175.88066720962524}, "35": {"dloss": 0.3686786890029907, "gloss": 1.1248040199279785, "time": 203.01270818710327}, "36": {"dloss": 0.3652801215648651, "gloss": 1.1481096744537354, "time": 213.15992546081543}, "37": {"dloss": 0.3622193932533264, "gloss": 1.1542420387268066, "time": 230.27198553085327}, "38": {"dloss": 0.3603769540786743, "gloss": 1.1672940254211426, "time": 223.90056490898132}, "39": {"dloss": 0.35745006799697876, "gloss": 1.1809184551239014, "time": 248.65871405601501}, "40": {"dloss": 0.35493314266204834, "gloss": 1.1920802593231201, "time": 271.5453269481659}, "41": {"dloss": 0.3529666066169739, "gloss": 1.2027215957641602, "time": 265.098427772522}, "42": {"dloss": 0.35136210918426514, "gloss": 1.2178325653076172, "time": 284.00350403785706}, "43": {"dloss": 0.34459924697875977, "gloss": 1.2334637641906738, "time": 303.7335786819458}, "44": {"dloss": 0.34612125158309937, "gloss": 1.238738775253296, "time": 313.4729299545288}, "45": {"dloss": 0.34160909056663513, "gloss": 1.2511636018753052, "time": 312.33141469955444}, "46": {"dloss": 0.3395038843154907, "gloss": 1.2631251811981201, "time": 327.72401237487793}, "47": {"dloss": 0.33551517128944397, "gloss": 1.2736923694610596, "time": 369.2246718406677}, "48": {"dloss": 0.33497923612594604, "gloss": 1.2933528423309326, "time": 364.6930112838745}, "49": {"dloss": 0.3337866961956024, "gloss": 1.3009957075119019, "time": 360.7357850074768}, "50": {"dloss": 0.332740843296051, "gloss": 1.31983482837677, "time": 339.28548431396484}}